number,file,label,group,color
1,b01ae.wav,ae,1,Blue
2,b01ah.wav,ah,2,Green
3,b01aw.wav,aw,3,Magenta
4,b01eh.wav,eh,4,Black
5,b01ei.wav,ei,5,Lime
6,b01er.wav,er,6,Purple
7,b01ih.wav,ih,7,Teal
8,b01iy.wav,iy,8,Navy
9,b01oa.wav,oa,9,Pink
10,b01oo.wav,oo,10,Maroon
11,b01uh.wav,uh,11,Olive
12,b01uw.wav,uw,12,Grey
13,b02ae.wav,ae,1,Blue
14,b02ah.wav,ah,2,Green
15,b02aw.wav,aw,3,Magenta
16,b02eh.wav,eh,4,Black
17,b02ei.wav,ei,5,Lime
18,b02er.wav,er,6,Purple
19,b02ih.wav,ih,7,Teal
20,b02iy.wav,iy,8,Navy
21,b02oa.wav,oa,9,Pink
22,b02oo.wav,oo,10,Maroon
23,b02uh.wav,uh,11,Olive
24,b02uw.wav,uw,12,Grey
25,b03ae.wav,ae,1,Blue
26,b03ah.wav,ah,2,Green
27,b03aw.wav,aw,3,Magenta
28,b03eh.wav,eh,4,Black
29,b03ei.wav,ei,5,Lime
30,b03er.wav,er,6,Purple
31,b03ih.wav,ih,7,Teal
32,b03iy.wav,iy,8,Navy
33,b03oa.wav,oa,9,Pink
34,b03oo.wav,oo,10,Maroon
35,b03uh.wav,uh,11,Olive
36,b03uw.wav,uw,12,Grey
37,b04ae.wav,ae,1,Blue
38,b04ah.wav,ah,2,Green
39,b04aw.wav,aw,3,Magenta
40,b04eh.wav,eh,4,Black
41,b04ei.wav,ei,5,Lime
42,b04er.wav,er,6,Purple
43,b04ih.wav,ih,7,Teal
44,b04iy.wav,iy,8,Navy
45,b04oa.wav,oa,9,Pink
46,b04oo.wav,oo,10,Maroon
47,b04uh.wav,uh,11,Olive
48,b04uw.wav,uw,12,Grey
49,b05ae.wav,ae,1,Blue
50,b05ah.wav,ah,2,Green
51,b05aw.wav,aw,3,Magenta
52,b05eh.wav,eh,4,Black
53,b05ei.wav,ei,5,Lime
54,b05er.wav,er,6,Purple
55,b05ih.wav,ih,7,Teal
56,b05iy.wav,iy,8,Navy
57,b05oa.wav,oa,9,Pink
58,b05oo.wav,oo,10,Maroon
59,b05uh.wav,uh,11,Olive
60,b05uw.wav,uw,12,Grey
61,b07ae.wav,ae,1,Blue
62,b07ah.wav,ah,2,Green
63,b07aw.wav,aw,3,Magenta
64,b07eh.wav,eh,4,Black
65,b07ei.wav,ei,5,Lime
66,b07er.wav,er,6,Purple
67,b07ih.wav,ih,7,Teal
68,b07iy.wav,iy,8,Navy
69,b07oa.wav,oa,9,Pink
70,b07oo.wav,oo,10,Maroon
71,b07uh.wav,uh,11,Olive
72,b07uw.wav,uw,12,Grey
73,b08ae.wav,ae,1,Blue
74,b08ah.wav,ah,2,Green
75,b08aw.wav,aw,3,Magenta
76,b08eh.wav,eh,4,Black
77,b08ei.wav,ei,5,Lime
78,b08er.wav,er,6,Purple
79,b08ih.wav,ih,7,Teal
80,b08iy.wav,iy,8,Navy
81,b08oa.wav,oa,9,Pink
82,b08oo.wav,oo,10,Maroon
83,b08uh.wav,uh,11,Olive
84,b08uw.wav,uw,12,Grey
85,b09ae.wav,ae,1,Blue
86,b09ah.wav,ah,2,Green
87,b09aw.wav,aw,3,Magenta
88,b09eh.wav,eh,4,Black
89,b09ei.wav,ei,5,Lime
90,b09er.wav,er,6,Purple
91,b09ih.wav,ih,7,Teal
92,b09iy.wav,iy,8,Navy
93,b09oa.wav,oa,9,Pink
94,b09oo.wav,oo,10,Maroon
95,b09uh.wav,uh,11,Olive
96,b09uw.wav,uw,12,Grey
97,b10ae.wav,ae,1,Blue
98,b10ah.wav,ah,2,Green
99,b10aw.wav,aw,3,Magenta
100,b10eh.wav,eh,4,Black
101,b10ei.wav,ei,5,Lime
102,b10er.wav,er,6,Purple
103,b10ih.wav,ih,7,Teal
104,b10iy.wav,iy,8,Navy
105,b10oa.wav,oa,9,Pink
106,b10oo.wav,oo,10,Maroon
107,b10uh.wav,uh,11,Olive
108,b10uw.wav,uw,12,Grey
109,b11ae.wav,ae,1,Blue
110,b11ah.wav,ah,2,Green
111,b11aw.wav,aw,3,Magenta
112,b11eh.wav,eh,4,Black
113,b11ei.wav,ei,5,Lime
114,b11er.wav,er,6,Purple
115,b11ih.wav,ih,7,Teal
116,b11iy.wav,iy,8,Navy
117,b11oa.wav,oa,9,Pink
118,b11oo.wav,oo,10,Maroon
119,b11uh.wav,uh,11,Olive
120,b11uw.wav,uw,12,Grey
121,b12ae.wav,ae,1,Blue
122,b12ah.wav,ah,2,Green
123,b12aw.wav,aw,3,Magenta
124,b12eh.wav,eh,4,Black
125,b12ei.wav,ei,5,Lime
126,b12er.wav,er,6,Purple
127,b12ih.wav,ih,7,Teal
128,b12iy.wav,iy,8,Navy
129,b12oa.wav,oa,9,Pink
130,b12oo.wav,oo,10,Maroon
131,b12uh.wav,uh,11,Olive
132,b12uw.wav,uw,12,Grey
133,b13ae.wav,ae,1,Blue
134,b13ah.wav,ah,2,Green
135,b13aw.wav,aw,3,Magenta
136,b13eh.wav,eh,4,Black
137,b13ei.wav,ei,5,Lime
138,b13er.wav,er,6,Purple
139,b13ih.wav,ih,7,Teal
140,b13iy.wav,iy,8,Navy
141,b13oa.wav,oa,9,Pink
142,b13oo.wav,oo,10,Maroon
143,b13uh.wav,uh,11,Olive
144,b13uw.wav,uw,12,Grey
145,b14ae.wav,ae,1,Blue
146,b14ah.wav,ah,2,Green
147,b14aw.wav,aw,3,Magenta
148,b14eh.wav,eh,4,Black
149,b14ei.wav,ei,5,Lime
150,b14er.wav,er,6,Purple
151,b14ih.wav,ih,7,Teal
152,b14iy.wav,iy,8,Navy
153,b14oa.wav,oa,9,Pink
154,b14oo.wav,oo,10,Maroon
155,b14uh.wav,uh,11,Olive
156,b14uw.wav,uw,12,Grey
157,b15ae.wav,ae,1,Blue
158,b15ah.wav,ah,2,Green
159,b15aw.wav,aw,3,Magenta
160,b15eh.wav,eh,4,Black
161,b15ei.wav,ei,5,Lime
162,b15er.wav,er,6,Purple
163,b15ih.wav,ih,7,Teal
164,b15iy.wav,iy,8,Navy
165,b15oa.wav,oa,9,Pink
166,b15oo.wav,oo,10,Maroon
167,b15uh.wav,uh,11,Olive
168,b15uw.wav,uw,12,Grey
169,b16ae.wav,ae,1,Blue
170,b16ah.wav,ah,2,Green
171,b16aw.wav,aw,3,Magenta
172,b16eh.wav,eh,4,Black
173,b16ei.wav,ei,5,Lime
174,b16er.wav,er,6,Purple
175,b16ih.wav,ih,7,Teal
176,b16iy.wav,iy,8,Navy
177,b16oa.wav,oa,9,Pink
178,b16oo.wav,oo,10,Maroon
179,b16uh.wav,uh,11,Olive
180,b16uw.wav,uw,12,Grey
181,b17ae.wav,ae,1,Blue
182,b17ah.wav,ah,2,Green
183,b17aw.wav,aw,3,Magenta
184,b17eh.wav,eh,4,Black
185,b17ei.wav,ei,5,Lime
186,b17er.wav,er,6,Purple
187,b17ih.wav,ih,7,Teal
188,b17iy.wav,iy,8,Navy
189,b17oa.wav,oa,9,Pink
190,b17oo.wav,oo,10,Maroon
191,b17uh.wav,uh,11,Olive
192,b17uw.wav,uw,12,Grey
193,b18ae.wav,ae,1,Blue
194,b18ah.wav,ah,2,Green
195,b18aw.wav,aw,3,Magenta
196,b18eh.wav,eh,4,Black
197,b18ei.wav,ei,5,Lime
198,b18er.wav,er,6,Purple
199,b18ih.wav,ih,7,Teal
200,b18iy.wav,iy,8,Navy
201,b18oa.wav,oa,9,Pink
202,b18oo.wav,oo,10,Maroon
203,b18uh.wav,uh,11,Olive
204,b18uw.wav,uw,12,Grey
205,b19ae.wav,ae,1,Blue
206,b19ah.wav,ah,2,Green
207,b19aw.wav,aw,3,Magenta
208,b19eh.wav,eh,4,Black
209,b19ei.wav,ei,5,Lime
210,b19er.wav,er,6,Purple
211,b19ih.wav,ih,7,Teal
212,b19iy.wav,iy,8,Navy
213,b19oa.wav,oa,9,Pink
214,b19oo.wav,oo,10,Maroon
215,b19uh.wav,uh,11,Olive
216,b19uw.wav,uw,12,Grey
217,b21ae.wav,ae,1,Blue
218,b21ah.wav,ah,2,Green
219,b21aw.wav,aw,3,Magenta
220,b21eh.wav,eh,4,Black
221,b21ei.wav,ei,5,Lime
222,b21er.wav,er,6,Purple
223,b21ih.wav,ih,7,Teal
224,b21iy.wav,iy,8,Navy
225,b21oa.wav,oa,9,Pink
226,b21oo.wav,oo,10,Maroon
227,b21uh.wav,uh,11,Olive
228,b21uw.wav,uw,12,Grey
229,b22ae.wav,ae,1,Blue
230,b22ah.wav,ah,2,Green
231,b22aw.wav,aw,3,Magenta
232,b22eh.wav,eh,4,Black
233,b22ei.wav,ei,5,Lime
234,b22er.wav,er,6,Purple
235,b22ih.wav,ih,7,Teal
236,b22iy.wav,iy,8,Navy
237,b22oa.wav,oa,9,Pink
238,b22oo.wav,oo,10,Maroon
239,b22uh.wav,uh,11,Olive
240,b22uw.wav,uw,12,Grey
241,b23ae.wav,ae,1,Blue
242,b23ah.wav,ah,2,Green
243,b23aw.wav,aw,3,Magenta
244,b23eh.wav,eh,4,Black
245,b23ei.wav,ei,5,Lime
246,b23er.wav,er,6,Purple
247,b23ih.wav,ih,7,Teal
248,b23iy.wav,iy,8,Navy
249,b23oa.wav,oa,9,Pink
250,b23oo.wav,oo,10,Maroon
251,b23uh.wav,uh,11,Olive
252,b23uw.wav,uw,12,Grey
253,b24ae.wav,ae,1,Blue
254,b24ah.wav,ah,2,Green
255,b24aw.wav,aw,3,Magenta
256,b24eh.wav,eh,4,Black
257,b24ei.wav,ei,5,Lime
258,b24er.wav,er,6,Purple
259,b24ih.wav,ih,7,Teal
260,b24iy.wav,iy,8,Navy
261,b24oa.wav,oa,9,Pink
262,b24oo.wav,oo,10,Maroon
263,b24uh.wav,uh,11,Olive
264,b24uw.wav,uw,12,Grey
265,b25ae.wav,ae,1,Blue
266,b25ah.wav,ah,2,Green
267,b25aw.wav,aw,3,Magenta
268,b25eh.wav,eh,4,Black
269,b25ei.wav,ei,5,Lime
270,b25er.wav,er,6,Purple
271,b25ih.wav,ih,7,Teal
272,b25iy.wav,iy,8,Navy
273,b25oa.wav,oa,9,Pink
274,b25oo.wav,oo,10,Maroon
275,b25uh.wav,uh,11,Olive
276,b25uw.wav,uw,12,Grey
277,b26ae.wav,ae,1,Blue
278,b26ah.wav,ah,2,Green
279,b26aw.wav,aw,3,Magenta
280,b26eh.wav,eh,4,Black
281,b26ei.wav,ei,5,Lime
282,b26er.wav,er,6,Purple
283,b26ih.wav,ih,7,Teal
284,b26iy.wav,iy,8,Navy
285,b26oa.wav,oa,9,Pink
286,b26oo.wav,oo,10,Maroon
287,b26uh.wav,uh,11,Olive
288,b26uw.wav,uw,12,Grey
289,b27ae.wav,ae,1,Blue
290,b27ah.wav,ah,2,Green
291,b27aw.wav,aw,3,Magenta
292,b27eh.wav,eh,4,Black
293,b27ei.wav,ei,5,Lime
294,b27er.wav,er,6,Purple
295,b27ih.wav,ih,7,Teal
296,b27iy.wav,iy,8,Navy
297,b27oa.wav,oa,9,Pink
298,b27oo.wav,oo,10,Maroon
299,b27uh.wav,uh,11,Olive
300,b27uw.wav,uw,12,Grey
301,b28ae.wav,ae,1,Blue
302,b28ah.wav,ah,2,Green
303,b28aw.wav,aw,3,Magenta
304,b28eh.wav,eh,4,Black
305,b28ei.wav,ei,5,Lime
306,b28er.wav,er,6,Purple
307,b28ih.wav,ih,7,Teal
308,b28iy.wav,iy,8,Navy
309,b28oa.wav,oa,9,Pink
310,b28oo.wav,oo,10,Maroon
311,b28uh.wav,uh,11,Olive
312,b28uw.wav,uw,12,Grey
313,b29ae.wav,ae,1,Blue
314,b29ah.wav,ah,2,Green
315,b29aw.wav,aw,3,Magenta
316,b29eh.wav,eh,4,Black
317,b29ei.wav,ei,5,Lime
318,b29er.wav,er,6,Purple
319,b29ih.wav,ih,7,Teal
320,b29iy.wav,iy,8,Navy
321,b29oa.wav,oa,9,Pink
322,b29oo.wav,oo,10,Maroon
323,b29uh.wav,uh,11,Olive
324,b29uw.wav,uw,12,Grey
325,g01ae.wav,ae,1,Blue
326,g01ah.wav,ah,2,Green
327,g01aw.wav,aw,3,Magenta
328,g01eh.wav,eh,4,Black
329,g01ei.wav,ei,5,Lime
330,g01er.wav,er,6,Purple
331,g01ih.wav,ih,7,Teal
332,g01iy.wav,iy,8,Navy
333,g01oa.wav,oa,9,Pink
334,g01oo.wav,oo,10,Maroon
335,g01uh.wav,uh,11,Olive
336,g01uw.wav,uw,12,Grey
337,g02ae.wav,ae,1,Blue
338,g02ah.wav,ah,2,Green
339,g02aw.wav,aw,3,Magenta
340,g02eh.wav,eh,4,Black
341,g02ei.wav,ei,5,Lime
342,g02er.wav,er,6,Purple
343,g02ih.wav,ih,7,Teal
344,g02iy.wav,iy,8,Navy
345,g02oa.wav,oa,9,Pink
346,g02oo.wav,oo,10,Maroon
347,g02uh.wav,uh,11,Olive
348,g02uw.wav,uw,12,Grey
349,g04ae.wav,ae,1,Blue
350,g04ah.wav,ah,2,Green
351,g04aw.wav,aw,3,Magenta
352,g04eh.wav,eh,4,Black
353,g04ei.wav,ei,5,Lime
354,g04er.wav,er,6,Purple
355,g04ih.wav,ih,7,Teal
356,g04iy.wav,iy,8,Navy
357,g04oa.wav,oa,9,Pink
358,g04oo.wav,oo,10,Maroon
359,g04uh.wav,uh,11,Olive
360,g04uw.wav,uw,12,Grey
361,g05ae.wav,ae,1,Blue
362,g05ah.wav,ah,2,Green
363,g05aw.wav,aw,3,Magenta
364,g05eh.wav,eh,4,Black
365,g05ei.wav,ei,5,Lime
366,g05er.wav,er,6,Purple
367,g05ih.wav,ih,7,Teal
368,g05iy.wav,iy,8,Navy
369,g05oa.wav,oa,9,Pink
370,g05oo.wav,oo,10,Maroon
371,g05uh.wav,uh,11,Olive
372,g05uw.wav,uw,12,Grey
373,g06ae.wav,ae,1,Blue
374,g06ah.wav,ah,2,Green
375,g06aw.wav,aw,3,Magenta
376,g06eh.wav,eh,4,Black
377,g06ei.wav,ei,5,Lime
378,g06er.wav,er,6,Purple
379,g06ih.wav,ih,7,Teal
380,g06iy.wav,iy,8,Navy
381,g06oa.wav,oa,9,Pink
382,g06oo.wav,oo,10,Maroon
383,g06uh.wav,uh,11,Olive
384,g06uw.wav,uw,12,Grey
385,g07ae.wav,ae,1,Blue
386,g07ah.wav,ah,2,Green
387,g07aw.wav,aw,3,Magenta
388,g07eh.wav,eh,4,Black
389,g07ei.wav,ei,5,Lime
390,g07er.wav,er,6,Purple
391,g07ih.wav,ih,7,Teal
392,g07iy.wav,iy,8,Navy
393,g07oa.wav,oa,9,Pink
394,g07oo.wav,oo,10,Maroon
395,g07uh.wav,uh,11,Olive
396,g07uw.wav,uw,12,Grey
397,g08ae.wav,ae,1,Blue
398,g08ah.wav,ah,2,Green
399,g08aw.wav,aw,3,Magenta
400,g08eh.wav,eh,4,Black
401,g08ei.wav,ei,5,Lime
402,g08er.wav,er,6,Purple
403,g08ih.wav,ih,7,Teal
404,g08iy.wav,iy,8,Navy
405,g08oa.wav,oa,9,Pink
406,g08oo.wav,oo,10,Maroon
407,g08uh.wav,uh,11,Olive
408,g08uw.wav,uw,12,Grey
409,g09ae.wav,ae,1,Blue
410,g09ah.wav,ah,2,Green
411,g09aw.wav,aw,3,Magenta
412,g09eh.wav,eh,4,Black
413,g09ei.wav,ei,5,Lime
414,g09er.wav,er,6,Purple
415,g09ih.wav,ih,7,Teal
416,g09iy.wav,iy,8,Navy
417,g09oa.wav,oa,9,Pink
418,g09oo.wav,oo,10,Maroon
419,g09uh.wav,uh,11,Olive
420,g09uw.wav,uw,12,Grey
421,g10ae.wav,ae,1,Blue
422,g10ah.wav,ah,2,Green
423,g10aw.wav,aw,3,Magenta
424,g10eh.wav,eh,4,Black
425,g10ei.wav,ei,5,Lime
426,g10er.wav,er,6,Purple
427,g10ih.wav,ih,7,Teal
428,g10iy.wav,iy,8,Navy
429,g10oa.wav,oa,9,Pink
430,g10oo.wav,oo,10,Maroon
431,g10uh.wav,uh,11,Olive
432,g10uw.wav,uw,12,Grey
433,g11ae.wav,ae,1,Blue
434,g11ah.wav,ah,2,Green
435,g11aw.wav,aw,3,Magenta
436,g11eh.wav,eh,4,Black
437,g11ei.wav,ei,5,Lime
438,g11er.wav,er,6,Purple
439,g11ih.wav,ih,7,Teal
440,g11iy.wav,iy,8,Navy
441,g11oa.wav,oa,9,Pink
442,g11oo.wav,oo,10,Maroon
443,g11uh.wav,uh,11,Olive
444,g11uw.wav,uw,12,Grey
445,g12ae.wav,ae,1,Blue
446,g12ah.wav,ah,2,Green
447,g12aw.wav,aw,3,Magenta
448,g12eh.wav,eh,4,Black
449,g12ei.wav,ei,5,Lime
450,g12er.wav,er,6,Purple
451,g12ih.wav,ih,7,Teal
452,g12iy.wav,iy,8,Navy
453,g12oa.wav,oa,9,Pink
454,g12oo.wav,oo,10,Maroon
455,g12uh.wav,uh,11,Olive
456,g12uw.wav,uw,12,Grey
457,g13ae.wav,ae,1,Blue
458,g13ah.wav,ah,2,Green
459,g13aw.wav,aw,3,Magenta
460,g13eh.wav,eh,4,Black
461,g13ei.wav,ei,5,Lime
462,g13er.wav,er,6,Purple
463,g13ih.wav,ih,7,Teal
464,g13iy.wav,iy,8,Navy
465,g13oa.wav,oa,9,Pink
466,g13oo.wav,oo,10,Maroon
467,g13uh.wav,uh,11,Olive
468,g13uw.wav,uw,12,Grey
469,g14ae.wav,ae,1,Blue
470,g14ah.wav,ah,2,Green
471,g14aw.wav,aw,3,Magenta
472,g14eh.wav,eh,4,Black
473,g14ei.wav,ei,5,Lime
474,g14er.wav,er,6,Purple
475,g14ih.wav,ih,7,Teal
476,g14iy.wav,iy,8,Navy
477,g14oa.wav,oa,9,Pink
478,g14oo.wav,oo,10,Maroon
479,g14uh.wav,uh,11,Olive
480,g14uw.wav,uw,12,Grey
481,g15ae.wav,ae,1,Blue
482,g15ah.wav,ah,2,Green
483,g15aw.wav,aw,3,Magenta
484,g15eh.wav,eh,4,Black
485,g15ei.wav,ei,5,Lime
486,g15er.wav,er,6,Purple
487,g15ih.wav,ih,7,Teal
488,g15iy.wav,iy,8,Navy
489,g15oa.wav,oa,9,Pink
490,g15oo.wav,oo,10,Maroon
491,g15uh.wav,uh,11,Olive
492,g15uw.wav,uw,12,Grey
493,g17ae.wav,ae,1,Blue
494,g17ah.wav,ah,2,Green
495,g17aw.wav,aw,3,Magenta
496,g17eh.wav,eh,4,Black
497,g17ei.wav,ei,5,Lime
498,g17er.wav,er,6,Purple
499,g17ih.wav,ih,7,Teal
500,g17iy.wav,iy,8,Navy
501,g17oa.wav,oa,9,Pink
502,g17oo.wav,oo,10,Maroon
503,g17uh.wav,uh,11,Olive
504,g17uw.wav,uw,12,Grey
505,g18ae.wav,ae,1,Blue
506,g18ah.wav,ah,2,Green
507,g18aw.wav,aw,3,Magenta
508,g18eh.wav,eh,4,Black
509,g18ei.wav,ei,5,Lime
510,g18er.wav,er,6,Purple
511,g18ih.wav,ih,7,Teal
512,g18iy.wav,iy,8,Navy
513,g18oa.wav,oa,9,Pink
514,g18oo.wav,oo,10,Maroon
515,g18uh.wav,uh,11,Olive
516,g18uw.wav,uw,12,Grey
517,g19ae.wav,ae,1,Blue
518,g19ah.wav,ah,2,Green
519,g19aw.wav,aw,3,Magenta
520,g19eh.wav,eh,4,Black
521,g19ei.wav,ei,5,Lime
522,g19er.wav,er,6,Purple
523,g19ih.wav,ih,7,Teal
524,g19iy.wav,iy,8,Navy
525,g19oa.wav,oa,9,Pink
526,g19oo.wav,oo,10,Maroon
527,g19uh.wav,uh,11,Olive
528,g19uw.wav,uw,12,Grey
529,g20ae.wav,ae,1,Blue
530,g20ah.wav,ah,2,Green
531,g20aw.wav,aw,3,Magenta
532,g20eh.wav,eh,4,Black
533,g20ei.wav,ei,5,Lime
534,g20er.wav,er,6,Purple
535,g20ih.wav,ih,7,Teal
536,g20iy.wav,iy,8,Navy
537,g20oa.wav,oa,9,Pink
538,g20oo.wav,oo,10,Maroon
539,g20uh.wav,uh,11,Olive
540,g20uw.wav,uw,12,Grey
541,g21ae.wav,ae,1,Blue
542,g21ah.wav,ah,2,Green
543,g21aw.wav,aw,3,Magenta
544,g21eh.wav,eh,4,Black
545,g21ei.wav,ei,5,Lime
546,g21er.wav,er,6,Purple
547,g21ih.wav,ih,7,Teal
548,g21iy.wav,iy,8,Navy
549,g21oa.wav,oa,9,Pink
550,g21oo.wav,oo,10,Maroon
551,g21uh.wav,uh,11,Olive
552,g21uw.wav,uw,12,Grey
553,m01ae.wav,ae,1,Blue
554,m01ah.wav,ah,2,Green
555,m01aw.wav,aw,3,Magenta
556,m01eh.wav,eh,4,Black
557,m01ei.wav,ei,5,Lime
558,m01er.wav,er,6,Purple
559,m01ih.wav,ih,7,Teal
560,m01iy.wav,iy,8,Navy
561,m01oa.wav,oa,9,Pink
562,m01oo.wav,oo,10,Maroon
563,m01uh.wav,uh,11,Olive
564,m01uw.wav,uw,12,Grey
565,m02ae.wav,ae,1,Blue
566,m02ah.wav,ah,2,Green
567,m02aw.wav,aw,3,Magenta
568,m02eh.wav,eh,4,Black
569,m02ei.wav,ei,5,Lime
570,m02er.wav,er,6,Purple
571,m02ih.wav,ih,7,Teal
572,m02iy.wav,iy,8,Navy
573,m02oa.wav,oa,9,Pink
574,m02oo.wav,oo,10,Maroon
575,m02uh.wav,uh,11,Olive
576,m02uw.wav,uw,12,Grey
577,m03ae.wav,ae,1,Blue
578,m03ah.wav,ah,2,Green
579,m03aw.wav,aw,3,Magenta
580,m03eh.wav,eh,4,Black
581,m03ei.wav,ei,5,Lime
582,m03er.wav,er,6,Purple
583,m03ih.wav,ih,7,Teal
584,m03iy.wav,iy,8,Navy
585,m03oa.wav,oa,9,Pink
586,m03oo.wav,oo,10,Maroon
587,m03uh.wav,uh,11,Olive
588,m03uw.wav,uw,12,Grey
589,m04ae.wav,ae,1,Blue
590,m04ah.wav,ah,2,Green
591,m04aw.wav,aw,3,Magenta
592,m04eh.wav,eh,4,Black
593,m04ei.wav,ei,5,Lime
594,m04er.wav,er,6,Purple
595,m04ih.wav,ih,7,Teal
596,m04iy.wav,iy,8,Navy
597,m04oa.wav,oa,9,Pink
598,m04oo.wav,oo,10,Maroon
599,m04uh.wav,uh,11,Olive
600,m04uw.wav,uw,12,Grey
601,m06ae.wav,ae,1,Blue
602,m06ah.wav,ah,2,Green
603,m06aw.wav,aw,3,Magenta
604,m06eh.wav,eh,4,Black
605,m06ei.wav,ei,5,Lime
606,m06er.wav,er,6,Purple
607,m06ih.wav,ih,7,Teal
608,m06iy.wav,iy,8,Navy
609,m06oa.wav,oa,9,Pink
610,m06oo.wav,oo,10,Maroon
611,m06uh.wav,uh,11,Olive
612,m06uw.wav,uw,12,Grey
613,m07ae.wav,ae,1,Blue
614,m07ah.wav,ah,2,Green
615,m07aw.wav,aw,3,Magenta
616,m07eh.wav,eh,4,Black
617,m07ei.wav,ei,5,Lime
618,m07er.wav,er,6,Purple
619,m07ih.wav,ih,7,Teal
620,m07iy.wav,iy,8,Navy
621,m07oa.wav,oa,9,Pink
622,m07oo.wav,oo,10,Maroon
623,m07uh.wav,uh,11,Olive
624,m07uw.wav,uw,12,Grey
625,m08ae.wav,ae,1,Blue
626,m08ah.wav,ah,2,Green
627,m08aw.wav,aw,3,Magenta
628,m08eh.wav,eh,4,Black
629,m08ei.wav,ei,5,Lime
630,m08er.wav,er,6,Purple
631,m08ih.wav,ih,7,Teal
632,m08iy.wav,iy,8,Navy
633,m08oa.wav,oa,9,Pink
634,m08oo.wav,oo,10,Maroon
635,m08uh.wav,uh,11,Olive
636,m08uw.wav,uw,12,Grey
637,m09ae.wav,ae,1,Blue
638,m09ah.wav,ah,2,Green
639,m09aw.wav,aw,3,Magenta
640,m09eh.wav,eh,4,Black
641,m09ei.wav,ei,5,Lime
642,m09er.wav,er,6,Purple
643,m09ih.wav,ih,7,Teal
644,m09iy.wav,iy,8,Navy
645,m09oa.wav,oa,9,Pink
646,m09oo.wav,oo,10,Maroon
647,m09uh.wav,uh,11,Olive
648,m09uw.wav,uw,12,Grey
649,m10ae.wav,ae,1,Blue
650,m10ah.wav,ah,2,Green
651,m10aw.wav,aw,3,Magenta
652,m10eh.wav,eh,4,Black
653,m10ei.wav,ei,5,Lime
654,m10er.wav,er,6,Purple
655,m10ih.wav,ih,7,Teal
656,m10iy.wav,iy,8,Navy
657,m10oa.wav,oa,9,Pink
658,m10oo.wav,oo,10,Maroon
659,m10uh.wav,uh,11,Olive
660,m10uw.wav,uw,12,Grey
661,m11ae.wav,ae,1,Blue
662,m11ah.wav,ah,2,Green
663,m11aw.wav,aw,3,Magenta
664,m11eh.wav,eh,4,Black
665,m11ei.wav,ei,5,Lime
666,m11er.wav,er,6,Purple
667,m11ih.wav,ih,7,Teal
668,m11iy.wav,iy,8,Navy
669,m11oa.wav,oa,9,Pink
670,m11oo.wav,oo,10,Maroon
671,m11uh.wav,uh,11,Olive
672,m11uw.wav,uw,12,Grey
673,m13ae.wav,ae,1,Blue
674,m13ah.wav,ah,2,Green
675,m13aw.wav,aw,3,Magenta
676,m13eh.wav,eh,4,Black
677,m13ei.wav,ei,5,Lime
678,m13er.wav,er,6,Purple
679,m13ih.wav,ih,7,Teal
680,m13iy.wav,iy,8,Navy
681,m13oa.wav,oa,9,Pink
682,m13oo.wav,oo,10,Maroon
683,m13uh.wav,uh,11,Olive
684,m13uw.wav,uw,12,Grey
685,m14ae.wav,ae,1,Blue
686,m14ah.wav,ah,2,Green
687,m14aw.wav,aw,3,Magenta
688,m14eh.wav,eh,4,Black
689,m14ei.wav,ei,5,Lime
690,m14er.wav,er,6,Purple
691,m14ih.wav,ih,7,Teal
692,m14iy.wav,iy,8,Navy
693,m14oa.wav,oa,9,Pink
694,m14oo.wav,oo,10,Maroon
695,m14uh.wav,uh,11,Olive
696,m14uw.wav,uw,12,Grey
697,m16ae.wav,ae,1,Blue
698,m16ah.wav,ah,2,Green
699,m16aw.wav,aw,3,Magenta
700,m16eh.wav,eh,4,Black
701,m16ei.wav,ei,5,Lime
702,m16er.wav,er,6,Purple
703,m16ih.wav,ih,7,Teal
704,m16iy.wav,iy,8,Navy
705,m16oa.wav,oa,9,Pink
706,m16oo.wav,oo,10,Maroon
707,m16uh.wav,uh,11,Olive
708,m16uw.wav,uw,12,Grey
709,m17ae.wav,ae,1,Blue
710,m17ah.wav,ah,2,Green
711,m17aw.wav,aw,3,Magenta
712,m17eh.wav,eh,4,Black
713,m17ei.wav,ei,5,Lime
714,m17er.wav,er,6,Purple
715,m17ih.wav,ih,7,Teal
716,m17iy.wav,iy,8,Navy
717,m17oa.wav,oa,9,Pink
718,m17oo.wav,oo,10,Maroon
719,m17uh.wav,uh,11,Olive
720,m17uw.wav,uw,12,Grey
721,m18ae.wav,ae,1,Blue
722,m18ah.wav,ah,2,Green
723,m18aw.wav,aw,3,Magenta
724,m18eh.wav,eh,4,Black
725,m18ei.wav,ei,5,Lime
726,m18er.wav,er,6,Purple
727,m18ih.wav,ih,7,Teal
728,m18iy.wav,iy,8,Navy
729,m18oa.wav,oa,9,Pink
730,m18oo.wav,oo,10,Maroon
731,m18uh.wav,uh,11,Olive
732,m18uw.wav,uw,12,Grey
733,m19ae.wav,ae,1,Blue
734,m19ah.wav,ah,2,Green
735,m19aw.wav,aw,3,Magenta
736,m19eh.wav,eh,4,Black
737,m19ei.wav,ei,5,Lime
738,m19er.wav,er,6,Purple
739,m19ih.wav,ih,7,Teal
740,m19iy.wav,iy,8,Navy
741,m19oa.wav,oa,9,Pink
742,m19oo.wav,oo,10,Maroon
743,m19uh.wav,uh,11,Olive
744,m19uw.wav,uw,12,Grey
745,m20ae.wav,ae,1,Blue
746,m20ah.wav,ah,2,Green
747,m20aw.wav,aw,3,Magenta
748,m20eh.wav,eh,4,Black
749,m20ei.wav,ei,5,Lime
750,m20er.wav,er,6,Purple
751,m20ih.wav,ih,7,Teal
752,m20iy.wav,iy,8,Navy
753,m20oa.wav,oa,9,Pink
754,m20oo.wav,oo,10,Maroon
755,m20uh.wav,uh,11,Olive
756,m20uw.wav,uw,12,Grey
757,m21ae.wav,ae,1,Blue
758,m21ah.wav,ah,2,Green
759,m21aw.wav,aw,3,Magenta
760,m21eh.wav,eh,4,Black
761,m21ei.wav,ei,5,Lime
762,m21er.wav,er,6,Purple
763,m21ih.wav,ih,7,Teal
764,m21iy.wav,iy,8,Navy
765,m21oa.wav,oa,9,Pink
766,m21oo.wav,oo,10,Maroon
767,m21uh.wav,uh,11,Olive
768,m21uw.wav,uw,12,Grey
769,m22ae.wav,ae,1,Blue
770,m22ah.wav,ah,2,Green
771,m22aw.wav,aw,3,Magenta
772,m22eh.wav,eh,4,Black
773,m22ei.wav,ei,5,Lime
774,m22er.wav,er,6,Purple
775,m22ih.wav,ih,7,Teal
776,m22iy.wav,iy,8,Navy
777,m22oa.wav,oa,9,Pink
778,m22oo.wav,oo,10,Maroon
779,m22uh.wav,uh,11,Olive
780,m22uw.wav,uw,12,Grey
781,m23ae.wav,ae,1,Blue
782,m23ah.wav,ah,2,Green
783,m23aw.wav,aw,3,Magenta
784,m23eh.wav,eh,4,Black
785,m23ei.wav,ei,5,Lime
786,m23er.wav,er,6,Purple
787,m23ih.wav,ih,7,Teal
788,m23iy.wav,iy,8,Navy
789,m23oa.wav,oa,9,Pink
790,m23oo.wav,oo,10,Maroon
791,m23uh.wav,uh,11,Olive
792,m23uw.wav,uw,12,Grey
793,m24ae.wav,ae,1,Blue
794,m24ah.wav,ah,2,Green
795,m24aw.wav,aw,3,Magenta
796,m24eh.wav,eh,4,Black
797,m24ei.wav,ei,5,Lime
798,m24er.wav,er,6,Purple
799,m24ih.wav,ih,7,Teal
800,m24iy.wav,iy,8,Navy
801,m24oa.wav,oa,9,Pink
802,m24oo.wav,oo,10,Maroon
803,m24uh.wav,uh,11,Olive
804,m24uw.wav,uw,12,Grey
805,m25ae.wav,ae,1,Blue
806,m25ah.wav,ah,2,Green
807,m25aw.wav,aw,3,Magenta
808,m25eh.wav,eh,4,Black
809,m25ei.wav,ei,5,Lime
810,m25er.wav,er,6,Purple
811,m25ih.wav,ih,7,Teal
812,m25iy.wav,iy,8,Navy
813,m25oa.wav,oa,9,Pink
814,m25oo.wav,oo,10,Maroon
815,m25uh.wav,uh,11,Olive
816,m25uw.wav,uw,12,Grey
817,m26ae.wav,ae,1,Blue
818,m26ah.wav,ah,2,Green
819,m26aw.wav,aw,3,Magenta
820,m26eh.wav,eh,4,Black
821,m26ei.wav,ei,5,Lime
822,m26er.wav,er,6,Purple
823,m26ih.wav,ih,7,Teal
824,m26iy.wav,iy,8,Navy
825,m26oa.wav,oa,9,Pink
826,m26oo.wav,oo,10,Maroon
827,m26uh.wav,uh,11,Olive
828,m26uw.wav,uw,12,Grey
829,m27ae.wav,ae,1,Blue
830,m27ah.wav,ah,2,Green
831,m27aw.wav,aw,3,Magenta
832,m27eh.wav,eh,4,Black
833,m27ei.wav,ei,5,Lime
834,m27er.wav,er,6,Purple
835,m27ih.wav,ih,7,Teal
836,m27iy.wav,iy,8,Navy
837,m27oa.wav,oa,9,Pink
838,m27oo.wav,oo,10,Maroon
839,m27uh.wav,uh,11,Olive
840,m27uw.wav,uw,12,Grey
841,m28ae.wav,ae,1,Blue
842,m28ah.wav,ah,2,Green
843,m28aw.wav,aw,3,Magenta
844,m28eh.wav,eh,4,Black
845,m28ei.wav,ei,5,Lime
846,m28er.wav,er,6,Purple
847,m28ih.wav,ih,7,Teal
848,m28iy.wav,iy,8,Navy
849,m28oa.wav,oa,9,Pink
850,m28oo.wav,oo,10,Maroon
851,m28uh.wav,uh,11,Olive
852,m28uw.wav,uw,12,Grey
853,m29ae.wav,ae,1,Blue
854,m29ah.wav,ah,2,Green
855,m29aw.wav,aw,3,Magenta
856,m29eh.wav,eh,4,Black
857,m29ei.wav,ei,5,Lime
858,m29er.wav,er,6,Purple
859,m29ih.wav,ih,7,Teal
860,m29iy.wav,iy,8,Navy
861,m29oa.wav,oa,9,Pink
862,m29oo.wav,oo,10,Maroon
863,m29uh.wav,uh,11,Olive
864,m29uw.wav,uw,12,Grey
865,m30ae.wav,ae,1,Blue
866,m30ah.wav,ah,2,Green
867,m30aw.wav,aw,3,Magenta
868,m30eh.wav,eh,4,Black
869,m30ei.wav,ei,5,Lime
870,m30er.wav,er,6,Purple
871,m30ih.wav,ih,7,Teal
872,m30iy.wav,iy,8,Navy
873,m30oa.wav,oa,9,Pink
874,m30oo.wav,oo,10,Maroon
875,m30uh.wav,uh,11,Olive
876,m30uw.wav,uw,12,Grey
877,m31ae.wav,ae,1,Blue
878,m31ah.wav,ah,2,Green
879,m31aw.wav,aw,3,Magenta
880,m31eh.wav,eh,4,Black
881,m31ei.wav,ei,5,Lime
882,m31er.wav,er,6,Purple
883,m31ih.wav,ih,7,Teal
884,m31iy.wav,iy,8,Navy
885,m31oa.wav,oa,9,Pink
886,m31oo.wav,oo,10,Maroon
887,m31uh.wav,uh,11,Olive
888,m31uw.wav,uw,12,Grey
889,m32ae.wav,ae,1,Blue
890,m32ah.wav,ah,2,Green
891,m32aw.wav,aw,3,Magenta
892,m32eh.wav,eh,4,Black
893,m32ei.wav,ei,5,Lime
894,m32er.wav,er,6,Purple
895,m32ih.wav,ih,7,Teal
896,m32iy.wav,iy,8,Navy
897,m32oa.wav,oa,9,Pink
898,m32oo.wav,oo,10,Maroon
899,m32uh.wav,uh,11,Olive
900,m32uw.wav,uw,12,Grey
901,m33ae.wav,ae,1,Blue
902,m33ah.wav,ah,2,Green
903,m33aw.wav,aw,3,Magenta
904,m33eh.wav,eh,4,Black
905,m33ei.wav,ei,5,Lime
906,m33er.wav,er,6,Purple
907,m33ih.wav,ih,7,Teal
908,m33iy.wav,iy,8,Navy
909,m33oa.wav,oa,9,Pink
910,m33oo.wav,oo,10,Maroon
911,m33uh.wav,uh,11,Olive
912,m33uw.wav,uw,12,Grey
913,m34ae.wav,ae,1,Blue
914,m34ah.wav,ah,2,Green
915,m34aw.wav,aw,3,Magenta
916,m34eh.wav,eh,4,Black
917,m34ei.wav,ei,5,Lime
918,m34er.wav,er,6,Purple
919,m34ih.wav,ih,7,Teal
920,m34iy.wav,iy,8,Navy
921,m34oa.wav,oa,9,Pink
922,m34oo.wav,oo,10,Maroon
923,m34uh.wav,uh,11,Olive
924,m34uw.wav,uw,12,Grey
925,m35ae.wav,ae,1,Blue
926,m35ah.wav,ah,2,Green
927,m35aw.wav,aw,3,Magenta
928,m35eh.wav,eh,4,Black
929,m35ei.wav,ei,5,Lime
930,m35er.wav,er,6,Purple
931,m35ih.wav,ih,7,Teal
932,m35iy.wav,iy,8,Navy
933,m35oa.wav,oa,9,Pink
934,m35oo.wav,oo,10,Maroon
935,m35uh.wav,uh,11,Olive
936,m35uw.wav,uw,12,Grey
937,m36ae.wav,ae,1,Blue
938,m36ah.wav,ah,2,Green
939,m36aw.wav,aw,3,Magenta
940,m36eh.wav,eh,4,Black
941,m36ei.wav,ei,5,Lime
942,m36er.wav,er,6,Purple
943,m36ih.wav,ih,7,Teal
944,m36iy.wav,iy,8,Navy
945,m36oa.wav,oa,9,Pink
946,m36oo.wav,oo,10,Maroon
947,m36uh.wav,uh,11,Olive
948,m36uw.wav,uw,12,Grey
949,m37ae.wav,ae,1,Blue
950,m37ah.wav,ah,2,Green
951,m37aw.wav,aw,3,Magenta
952,m37eh.wav,eh,4,Black
953,m37ei.wav,ei,5,Lime
954,m37er.wav,er,6,Purple
955,m37ih.wav,ih,7,Teal
956,m37iy.wav,iy,8,Navy
957,m37oa.wav,oa,9,Pink
958,m37oo.wav,oo,10,Maroon
959,m37uh.wav,uh,11,Olive
960,m37uw.wav,uw,12,Grey
961,m38ae.wav,ae,1,Blue
962,m38ah.wav,ah,2,Green
963,m38aw.wav,aw,3,Magenta
964,m38eh.wav,eh,4,Black
965,m38ei.wav,ei,5,Lime
966,m38er.wav,er,6,Purple
967,m38ih.wav,ih,7,Teal
968,m38iy.wav,iy,8,Navy
969,m38oa.wav,oa,9,Pink
970,m38oo.wav,oo,10,Maroon
971,m38uh.wav,uh,11,Olive
972,m38uw.wav,uw,12,Grey
973,m39ae.wav,ae,1,Blue
974,m39ah.wav,ah,2,Green
975,m39aw.wav,aw,3,Magenta
976,m39eh.wav,eh,4,Black
977,m39ei.wav,ei,5,Lime
978,m39er.wav,er,6,Purple
979,m39ih.wav,ih,7,Teal
980,m39iy.wav,iy,8,Navy
981,m39oa.wav,oa,9,Pink
982,m39oo.wav,oo,10,Maroon
983,m39uh.wav,uh,11,Olive
984,m39uw.wav,uw,12,Grey
985,m40ae.wav,ae,1,Blue
986,m40ah.wav,ah,2,Green
987,m40aw.wav,aw,3,Magenta
988,m40eh.wav,eh,4,Black
989,m40ei.wav,ei,5,Lime
990,m40er.wav,er,6,Purple
991,m40ih.wav,ih,7,Teal
992,m40iy.wav,iy,8,Navy
993,m40oa.wav,oa,9,Pink
994,m40oo.wav,oo,10,Maroon
995,m40uh.wav,uh,11,Olive
996,m40uw.wav,uw,12,Grey
997,m41ae.wav,ae,1,Blue
998,m41ah.wav,ah,2,Green
999,m41aw.wav,aw,3,Magenta
1000,m41eh.wav,eh,4,Black
1001,m41ei.wav,ei,5,Lime
1002,m41er.wav,er,6,Purple
1003,m41ih.wav,ih,7,Teal
1004,m41iy.wav,iy,8,Navy
1005,m41oa.wav,oa,9,Pink
1006,m41oo.wav,oo,10,Maroon
1007,m41uh.wav,uh,11,Olive
1008,m41uw.wav,uw,12,Grey
1009,m42ae.wav,ae,1,Blue
1010,m42ah.wav,ah,2,Green
1011,m42aw.wav,aw,3,Magenta
1012,m42eh.wav,eh,4,Black
1013,m42ei.wav,ei,5,Lime
1014,m42er.wav,er,6,Purple
1015,m42ih.wav,ih,7,Teal
1016,m42iy.wav,iy,8,Navy
1017,m42oa.wav,oa,9,Pink
1018,m42oo.wav,oo,10,Maroon
1019,m42uh.wav,uh,11,Olive
1020,m42uw.wav,uw,12,Grey
1021,m44ae.wav,ae,1,Blue
1022,m44ah.wav,ah,2,Green
1023,m44aw.wav,aw,3,Magenta
1024,m44eh.wav,eh,4,Black
1025,m44ei.wav,ei,5,Lime
1026,m44er.wav,er,6,Purple
1027,m44ih.wav,ih,7,Teal
1028,m44iy.wav,iy,8,Navy
1029,m44oa.wav,oa,9,Pink
1030,m44oo.wav,oo,10,Maroon
1031,m44uh.wav,uh,11,Olive
1032,m44uw.wav,uw,12,Grey
1033,m45ae.wav,ae,1,Blue
1034,m45ah.wav,ah,2,Green
1035,m45aw.wav,aw,3,Magenta
1036,m45eh.wav,eh,4,Black
1037,m45ei.wav,ei,5,Lime
1038,m45er.wav,er,6,Purple
1039,m45ih.wav,ih,7,Teal
1040,m45iy.wav,iy,8,Navy
1041,m45oa.wav,oa,9,Pink
1042,m45oo.wav,oo,10,Maroon
1043,m45uh.wav,uh,11,Olive
1044,m45uw.wav,uw,12,Grey
1045,m47ae.wav,ae,1,Blue
1046,m47ah.wav,ah,2,Green
1047,m47aw.wav,aw,3,Magenta
1048,m47eh.wav,eh,4,Black
1049,m47ei.wav,ei,5,Lime
1050,m47er.wav,er,6,Purple
1051,m47ih.wav,ih,7,Teal
1052,m47iy.wav,iy,8,Navy
1053,m47oa.wav,oa,9,Pink
1054,m47oo.wav,oo,10,Maroon
1055,m47uh.wav,uh,11,Olive
1056,m47uw.wav,uw,12,Grey
1057,m48ae.wav,ae,1,Blue
1058,m48ah.wav,ah,2,Green
1059,m48aw.wav,aw,3,Magenta
1060,m48eh.wav,eh,4,Black
1061,m48ei.wav,ei,5,Lime
1062,m48er.wav,er,6,Purple
1063,m48ih.wav,ih,7,Teal
1064,m48iy.wav,iy,8,Navy
1065,m48oa.wav,oa,9,Pink
1066,m48oo.wav,oo,10,Maroon
1067,m48uh.wav,uh,11,Olive
1068,m48uw.wav,uw,12,Grey
1069,m49ae.wav,ae,1,Blue
1070,m49ah.wav,ah,2,Green
1071,m49aw.wav,aw,3,Magenta
1072,m49eh.wav,eh,4,Black
1073,m49ei.wav,ei,5,Lime
1074,m49er.wav,er,6,Purple
1075,m49ih.wav,ih,7,Teal
1076,m49iy.wav,iy,8,Navy
1077,m49oa.wav,oa,9,Pink
1078,m49oo.wav,oo,10,Maroon
1079,m49uh.wav,uh,11,Olive
1080,m49uw.wav,uw,12,Grey
1081,m50ae.wav,ae,1,Blue
1082,m50ah.wav,ah,2,Green
1083,m50aw.wav,aw,3,Magenta
1084,m50eh.wav,eh,4,Black
1085,m50ei.wav,ei,5,Lime
1086,m50er.wav,er,6,Purple
1087,m50ih.wav,ih,7,Teal
1088,m50iy.wav,iy,8,Navy
1089,m50oa.wav,oa,9,Pink
1090,m50oo.wav,oo,10,Maroon
1091,m50uh.wav,uh,11,Olive
1092,m50uw.wav,uw,12,Grey
1093,w01ae.wav,ae,1,Blue
1094,w01ah.wav,ah,2,Green
1095,w01aw.wav,aw,3,Magenta
1096,w01eh.wav,eh,4,Black
1097,w01ei.wav,ei,5,Lime
1098,w01er.wav,er,6,Purple
1099,w01ih.wav,ih,7,Teal
1100,w01iy.wav,iy,8,Navy
1101,w01oa.wav,oa,9,Pink
1102,w01oo.wav,oo,10,Maroon
1103,w01uh.wav,uh,11,Olive
1104,w01uw.wav,uw,12,Grey
1105,w02ae.wav,ae,1,Blue
1106,w02ah.wav,ah,2,Green
1107,w02aw.wav,aw,3,Magenta
1108,w02eh.wav,eh,4,Black
1109,w02ei.wav,ei,5,Lime
1110,w02er.wav,er,6,Purple
1111,w02ih.wav,ih,7,Teal
1112,w02iy.wav,iy,8,Navy
1113,w02oa.wav,oa,9,Pink
1114,w02oo.wav,oo,10,Maroon
1115,w02uh.wav,uh,11,Olive
1116,w02uw.wav,uw,12,Grey
1117,w03ae.wav,ae,1,Blue
1118,w03ah.wav,ah,2,Green
1119,w03aw.wav,aw,3,Magenta
1120,w03eh.wav,eh,4,Black
1121,w03ei.wav,ei,5,Lime
1122,w03er.wav,er,6,Purple
1123,w03ih.wav,ih,7,Teal
1124,w03iy.wav,iy,8,Navy
1125,w03oa.wav,oa,9,Pink
1126,w03oo.wav,oo,10,Maroon
1127,w03uh.wav,uh,11,Olive
1128,w03uw.wav,uw,12,Grey
1129,w04ae.wav,ae,1,Blue
1130,w04ah.wav,ah,2,Green
1131,w04aw.wav,aw,3,Magenta
1132,w04eh.wav,eh,4,Black
1133,w04ei.wav,ei,5,Lime
1134,w04er.wav,er,6,Purple
1135,w04ih.wav,ih,7,Teal
1136,w04iy.wav,iy,8,Navy
1137,w04oa.wav,oa,9,Pink
1138,w04oo.wav,oo,10,Maroon
1139,w04uh.wav,uh,11,Olive
1140,w04uw.wav,uw,12,Grey
1141,w05ae.wav,ae,1,Blue
1142,w05ah.wav,ah,2,Green
1143,w05aw.wav,aw,3,Magenta
1144,w05eh.wav,eh,4,Black
1145,w05ei.wav,ei,5,Lime
1146,w05er.wav,er,6,Purple
1147,w05ih.wav,ih,7,Teal
1148,w05iy.wav,iy,8,Navy
1149,w05oa.wav,oa,9,Pink
1150,w05oo.wav,oo,10,Maroon
1151,w05uh.wav,uh,11,Olive
1152,w05uw.wav,uw,12,Grey
1153,w06ae.wav,ae,1,Blue
1154,w06ah.wav,ah,2,Green
1155,w06aw.wav,aw,3,Magenta
1156,w06eh.wav,eh,4,Black
1157,w06ei.wav,ei,5,Lime
1158,w06er.wav,er,6,Purple
1159,w06ih.wav,ih,7,Teal
1160,w06iy.wav,iy,8,Navy
1161,w06oa.wav,oa,9,Pink
1162,w06oo.wav,oo,10,Maroon
1163,w06uh.wav,uh,11,Olive
1164,w06uw.wav,uw,12,Grey
1165,w07ae.wav,ae,1,Blue
1166,w07ah.wav,ah,2,Green
1167,w07aw.wav,aw,3,Magenta
1168,w07eh.wav,eh,4,Black
1169,w07ei.wav,ei,5,Lime
1170,w07er.wav,er,6,Purple
1171,w07ih.wav,ih,7,Teal
1172,w07iy.wav,iy,8,Navy
1173,w07oa.wav,oa,9,Pink
1174,w07oo.wav,oo,10,Maroon
1175,w07uh.wav,uh,11,Olive
1176,w07uw.wav,uw,12,Grey
1177,w08ae.wav,ae,1,Blue
1178,w08ah.wav,ah,2,Green
1179,w08aw.wav,aw,3,Magenta
1180,w08eh.wav,eh,4,Black
1181,w08ei.wav,ei,5,Lime
1182,w08er.wav,er,6,Purple
1183,w08ih.wav,ih,7,Teal
1184,w08iy.wav,iy,8,Navy
1185,w08oa.wav,oa,9,Pink
1186,w08oo.wav,oo,10,Maroon
1187,w08uh.wav,uh,11,Olive
1188,w08uw.wav,uw,12,Grey
1189,w09ae.wav,ae,1,Blue
1190,w09ah.wav,ah,2,Green
1191,w09aw.wav,aw,3,Magenta
1192,w09eh.wav,eh,4,Black
1193,w09ei.wav,ei,5,Lime
1194,w09er.wav,er,6,Purple
1195,w09ih.wav,ih,7,Teal
1196,w09iy.wav,iy,8,Navy
1197,w09oa.wav,oa,9,Pink
1198,w09oo.wav,oo,10,Maroon
1199,w09uh.wav,uh,11,Olive
1200,w09uw.wav,uw,12,Grey
1201,w10ae.wav,ae,1,Blue
1202,w10ah.wav,ah,2,Green
1203,w10aw.wav,aw,3,Magenta
1204,w10eh.wav,eh,4,Black
1205,w10ei.wav,ei,5,Lime
1206,w10er.wav,er,6,Purple
1207,w10ih.wav,ih,7,Teal
1208,w10iy.wav,iy,8,Navy
1209,w10oa.wav,oa,9,Pink
1210,w10oo.wav,oo,10,Maroon
1211,w10uh.wav,uh,11,Olive
1212,w10uw.wav,uw,12,Grey
1213,w11ae.wav,ae,1,Blue
1214,w11ah.wav,ah,2,Green
1215,w11aw.wav,aw,3,Magenta
1216,w11eh.wav,eh,4,Black
1217,w11ei.wav,ei,5,Lime
1218,w11er.wav,er,6,Purple
1219,w11ih.wav,ih,7,Teal
1220,w11iy.wav,iy,8,Navy
1221,w11oa.wav,oa,9,Pink
1222,w11oo.wav,oo,10,Maroon
1223,w11uh.wav,uh,11,Olive
1224,w11uw.wav,uw,12,Grey
1225,w12ae.wav,ae,1,Blue
1226,w12ah.wav,ah,2,Green
1227,w12aw.wav,aw,3,Magenta
1228,w12eh.wav,eh,4,Black
1229,w12ei.wav,ei,5,Lime
1230,w12er.wav,er,6,Purple
1231,w12ih.wav,ih,7,Teal
1232,w12iy.wav,iy,8,Navy
1233,w12oa.wav,oa,9,Pink
1234,w12oo.wav,oo,10,Maroon
1235,w12uh.wav,uh,11,Olive
1236,w12uw.wav,uw,12,Grey
1237,w13ae.wav,ae,1,Blue
1238,w13ah.wav,ah,2,Green
1239,w13aw.wav,aw,3,Magenta
1240,w13eh.wav,eh,4,Black
1241,w13ei.wav,ei,5,Lime
1242,w13er.wav,er,6,Purple
1243,w13ih.wav,ih,7,Teal
1244,w13iy.wav,iy,8,Navy
1245,w13oa.wav,oa,9,Pink
1246,w13oo.wav,oo,10,Maroon
1247,w13uh.wav,uh,11,Olive
1248,w13uw.wav,uw,12,Grey
1249,w14ae.wav,ae,1,Blue
1250,w14ah.wav,ah,2,Green
1251,w14aw.wav,aw,3,Magenta
1252,w14eh.wav,eh,4,Black
1253,w14ei.wav,ei,5,Lime
1254,w14er.wav,er,6,Purple
1255,w14ih.wav,ih,7,Teal
1256,w14iy.wav,iy,8,Navy
1257,w14oa.wav,oa,9,Pink
1258,w14oo.wav,oo,10,Maroon
1259,w14uh.wav,uh,11,Olive
1260,w14uw.wav,uw,12,Grey
1261,w15ae.wav,ae,1,Blue
1262,w15ah.wav,ah,2,Green
1263,w15aw.wav,aw,3,Magenta
1264,w15eh.wav,eh,4,Black
1265,w15ei.wav,ei,5,Lime
1266,w15er.wav,er,6,Purple
1267,w15ih.wav,ih,7,Teal
1268,w15iy.wav,iy,8,Navy
1269,w15oa.wav,oa,9,Pink
1270,w15oo.wav,oo,10,Maroon
1271,w15uh.wav,uh,11,Olive
1272,w15uw.wav,uw,12,Grey
1273,w16ae.wav,ae,1,Blue
1274,w16ah.wav,ah,2,Green
1275,w16aw.wav,aw,3,Magenta
1276,w16eh.wav,eh,4,Black
1277,w16ei.wav,ei,5,Lime
1278,w16er.wav,er,6,Purple
1279,w16ih.wav,ih,7,Teal
1280,w16iy.wav,iy,8,Navy
1281,w16oa.wav,oa,9,Pink
1282,w16oo.wav,oo,10,Maroon
1283,w16uh.wav,uh,11,Olive
1284,w16uw.wav,uw,12,Grey
1285,w17ae.wav,ae,1,Blue
1286,w17ah.wav,ah,2,Green
1287,w17aw.wav,aw,3,Magenta
1288,w17eh.wav,eh,4,Black
1289,w17ei.wav,ei,5,Lime
1290,w17er.wav,er,6,Purple
1291,w17ih.wav,ih,7,Teal
1292,w17iy.wav,iy,8,Navy
1293,w17oa.wav,oa,9,Pink
1294,w17oo.wav,oo,10,Maroon
1295,w17uh.wav,uh,11,Olive
1296,w17uw.wav,uw,12,Grey
1297,w19ae.wav,ae,1,Blue
1298,w19ah.wav,ah,2,Green
1299,w19aw.wav,aw,3,Magenta
1300,w19eh.wav,eh,4,Black
1301,w19ei.wav,ei,5,Lime
1302,w19er.wav,er,6,Purple
1303,w19ih.wav,ih,7,Teal
1304,w19iy.wav,iy,8,Navy
1305,w19oa.wav,oa,9,Pink
1306,w19oo.wav,oo,10,Maroon
1307,w19uh.wav,uh,11,Olive
1308,w19uw.wav,uw,12,Grey
1309,w20ae.wav,ae,1,Blue
1310,w20ah.wav,ah,2,Green
1311,w20aw.wav,aw,3,Magenta
1312,w20eh.wav,eh,4,Black
1313,w20ei.wav,ei,5,Lime
1314,w20er.wav,er,6,Purple
1315,w20ih.wav,ih,7,Teal
1316,w20iy.wav,iy,8,Navy
1317,w20oa.wav,oa,9,Pink
1318,w20oo.wav,oo,10,Maroon
1319,w20uh.wav,uh,11,Olive
1320,w20uw.wav,uw,12,Grey
1321,w21ae.wav,ae,1,Blue
1322,w21ah.wav,ah,2,Green
1323,w21aw.wav,aw,3,Magenta
1324,w21eh.wav,eh,4,Black
1325,w21ei.wav,ei,5,Lime
1326,w21er.wav,er,6,Purple
1327,w21ih.wav,ih,7,Teal
1328,w21iy.wav,iy,8,Navy
1329,w21oa.wav,oa,9,Pink
1330,w21oo.wav,oo,10,Maroon
1331,w21uh.wav,uh,11,Olive
1332,w21uw.wav,uw,12,Grey
1333,w22ae.wav,ae,1,Blue
1334,w22ah.wav,ah,2,Green
1335,w22aw.wav,aw,3,Magenta
1336,w22eh.wav,eh,4,Black
1337,w22ei.wav,ei,5,Lime
1338,w22er.wav,er,6,Purple
1339,w22ih.wav,ih,7,Teal
1340,w22iy.wav,iy,8,Navy
1341,w22oa.wav,oa,9,Pink
1342,w22oo.wav,oo,10,Maroon
1343,w22uh.wav,uh,11,Olive
1344,w22uw.wav,uw,12,Grey
1345,w23ae.wav,ae,1,Blue
1346,w23ah.wav,ah,2,Green
1347,w23aw.wav,aw,3,Magenta
1348,w23eh.wav,eh,4,Black
1349,w23ei.wav,ei,5,Lime
1350,w23er.wav,er,6,Purple
1351,w23ih.wav,ih,7,Teal
1352,w23iy.wav,iy,8,Navy
1353,w23oa.wav,oa,9,Pink
1354,w23oo.wav,oo,10,Maroon
1355,w23uh.wav,uh,11,Olive
1356,w23uw.wav,uw,12,Grey
1357,w24ae.wav,ae,1,Blue
1358,w24ah.wav,ah,2,Green
1359,w24aw.wav,aw,3,Magenta
1360,w24eh.wav,eh,4,Black
1361,w24ei.wav,ei,5,Lime
1362,w24er.wav,er,6,Purple
1363,w24ih.wav,ih,7,Teal
1364,w24iy.wav,iy,8,Navy
1365,w24oa.wav,oa,9,Pink
1366,w24oo.wav,oo,10,Maroon
1367,w24uh.wav,uh,11,Olive
1368,w24uw.wav,uw,12,Grey
1369,w25ae.wav,ae,1,Blue
1370,w25ah.wav,ah,2,Green
1371,w25aw.wav,aw,3,Magenta
1372,w25eh.wav,eh,4,Black
1373,w25ei.wav,ei,5,Lime
1374,w25er.wav,er,6,Purple
1375,w25ih.wav,ih,7,Teal
1376,w25iy.wav,iy,8,Navy
1377,w25oa.wav,oa,9,Pink
1378,w25oo.wav,oo,10,Maroon
1379,w25uh.wav,uh,11,Olive
1380,w25uw.wav,uw,12,Grey
1381,w26ae.wav,ae,1,Blue
1382,w26ah.wav,ah,2,Green
1383,w26aw.wav,aw,3,Magenta
1384,w26eh.wav,eh,4,Black
1385,w26ei.wav,ei,5,Lime
1386,w26er.wav,er,6,Purple
1387,w26ih.wav,ih,7,Teal
1388,w26iy.wav,iy,8,Navy
1389,w26oa.wav,oa,9,Pink
1390,w26oo.wav,oo,10,Maroon
1391,w26uh.wav,uh,11,Olive
1392,w26uw.wav,uw,12,Grey
1393,w27ae.wav,ae,1,Blue
1394,w27ah.wav,ah,2,Green
1395,w27aw.wav,aw,3,Magenta
1396,w27eh.wav,eh,4,Black
1397,w27ei.wav,ei,5,Lime
1398,w27er.wav,er,6,Purple
1399,w27ih.wav,ih,7,Teal
1400,w27iy.wav,iy,8,Navy
1401,w27oa.wav,oa,9,Pink
1402,w27oo.wav,oo,10,Maroon
1403,w27uh.wav,uh,11,Olive
1404,w27uw.wav,uw,12,Grey
1405,w28ae.wav,ae,1,Blue
1406,w28ah.wav,ah,2,Green
1407,w28aw.wav,aw,3,Magenta
1408,w28eh.wav,eh,4,Black
1409,w28ei.wav,ei,5,Lime
1410,w28er.wav,er,6,Purple
1411,w28ih.wav,ih,7,Teal
1412,w28iy.wav,iy,8,Navy
1413,w28oa.wav,oa,9,Pink
1414,w28oo.wav,oo,10,Maroon
1415,w28uh.wav,uh,11,Olive
1416,w28uw.wav,uw,12,Grey
1417,w29ae.wav,ae,1,Blue
1418,w29ah.wav,ah,2,Green
1419,w29aw.wav,aw,3,Magenta
1420,w29eh.wav,eh,4,Black
1421,w29ei.wav,ei,5,Lime
1422,w29er.wav,er,6,Purple
1423,w29ih.wav,ih,7,Teal
1424,w29iy.wav,iy,8,Navy
1425,w29oa.wav,oa,9,Pink
1426,w29oo.wav,oo,10,Maroon
1427,w29uh.wav,uh,11,Olive
1428,w29uw.wav,uw,12,Grey
1429,w30ae.wav,ae,1,Blue
1430,w30ah.wav,ah,2,Green
1431,w30aw.wav,aw,3,Magenta
1432,w30eh.wav,eh,4,Black
1433,w30ei.wav,ei,5,Lime
1434,w30er.wav,er,6,Purple
1435,w30ih.wav,ih,7,Teal
1436,w30iy.wav,iy,8,Navy
1437,w30oa.wav,oa,9,Pink
1438,w30oo.wav,oo,10,Maroon
1439,w30uh.wav,uh,11,Olive
1440,w30uw.wav,uw,12,Grey
1441,w31ae.wav,ae,1,Blue
1442,w31ah.wav,ah,2,Green
1443,w31aw.wav,aw,3,Magenta
1444,w31eh.wav,eh,4,Black
1445,w31ei.wav,ei,5,Lime
1446,w31er.wav,er,6,Purple
1447,w31ih.wav,ih,7,Teal
1448,w31iy.wav,iy,8,Navy
1449,w31oa.wav,oa,9,Pink
1450,w31oo.wav,oo,10,Maroon
1451,w31uh.wav,uh,11,Olive
1452,w31uw.wav,uw,12,Grey
1453,w32ae.wav,ae,1,Blue
1454,w32ah.wav,ah,2,Green
1455,w32aw.wav,aw,3,Magenta
1456,w32eh.wav,eh,4,Black
1457,w32ei.wav,ei,5,Lime
1458,w32er.wav,er,6,Purple
1459,w32ih.wav,ih,7,Teal
1460,w32iy.wav,iy,8,Navy
1461,w32oa.wav,oa,9,Pink
1462,w32oo.wav,oo,10,Maroon
1463,w32uh.wav,uh,11,Olive
1464,w32uw.wav,uw,12,Grey
1465,w33ae.wav,ae,1,Blue
1466,w33ah.wav,ah,2,Green
1467,w33aw.wav,aw,3,Magenta
1468,w33eh.wav,eh,4,Black
1469,w33ei.wav,ei,5,Lime
1470,w33er.wav,er,6,Purple
1471,w33ih.wav,ih,7,Teal
1472,w33iy.wav,iy,8,Navy
1473,w33oa.wav,oa,9,Pink
1474,w33oo.wav,oo,10,Maroon
1475,w33uh.wav,uh,11,Olive
1476,w33uw.wav,uw,12,Grey
1477,w34ae.wav,ae,1,Blue
1478,w34ah.wav,ah,2,Green
1479,w34aw.wav,aw,3,Magenta
1480,w34eh.wav,eh,4,Black
1481,w34ei.wav,ei,5,Lime
1482,w34er.wav,er,6,Purple
1483,w34ih.wav,ih,7,Teal
1484,w34iy.wav,iy,8,Navy
1485,w34oa.wav,oa,9,Pink
1486,w34oo.wav,oo,10,Maroon
1487,w34uh.wav,uh,11,Olive
1488,w34uw.wav,uw,12,Grey
1489,w35ae.wav,ae,1,Blue
1490,w35ah.wav,ah,2,Green
1491,w35aw.wav,aw,3,Magenta
1492,w35eh.wav,eh,4,Black
1493,w35ei.wav,ei,5,Lime
1494,w35er.wav,er,6,Purple
1495,w35ih.wav,ih,7,Teal
1496,w35iy.wav,iy,8,Navy
1497,w35oa.wav,oa,9,Pink
1498,w35oo.wav,oo,10,Maroon
1499,w35uh.wav,uh,11,Olive
1500,w35uw.wav,uw,12,Grey
1501,w36ae.wav,ae,1,Blue
1502,w36ah.wav,ah,2,Green
1503,w36aw.wav,aw,3,Magenta
1504,w36eh.wav,eh,4,Black
1505,w36ei.wav,ei,5,Lime
1506,w36er.wav,er,6,Purple
1507,w36ih.wav,ih,7,Teal
1508,w36iy.wav,iy,8,Navy
1509,w36oa.wav,oa,9,Pink
1510,w36oo.wav,oo,10,Maroon
1511,w36uh.wav,uh,11,Olive
1512,w36uw.wav,uw,12,Grey
1513,w37ae.wav,ae,1,Blue
1514,w37ah.wav,ah,2,Green
1515,w37aw.wav,aw,3,Magenta
1516,w37eh.wav,eh,4,Black
1517,w37ei.wav,ei,5,Lime
1518,w37er.wav,er,6,Purple
1519,w37ih.wav,ih,7,Teal
1520,w37iy.wav,iy,8,Navy
1521,w37oa.wav,oa,9,Pink
1522,w37oo.wav,oo,10,Maroon
1523,w37uh.wav,uh,11,Olive
1524,w37uw.wav,uw,12,Grey
1525,w38ae.wav,ae,1,Blue
1526,w38ah.wav,ah,2,Green
1527,w38aw.wav,aw,3,Magenta
1528,w38eh.wav,eh,4,Black
1529,w38ei.wav,ei,5,Lime
1530,w38er.wav,er,6,Purple
1531,w38ih.wav,ih,7,Teal
1532,w38iy.wav,iy,8,Navy
1533,w38oa.wav,oa,9,Pink
1534,w38oo.wav,oo,10,Maroon
1535,w38uh.wav,uh,11,Olive
1536,w38uw.wav,uw,12,Grey
1537,w39ae.wav,ae,1,Blue
1538,w39ah.wav,ah,2,Green
1539,w39aw.wav,aw,3,Magenta
1540,w39eh.wav,eh,4,Black
1541,w39ei.wav,ei,5,Lime
1542,w39er.wav,er,6,Purple
1543,w39ih.wav,ih,7,Teal
1544,w39iy.wav,iy,8,Navy
1545,w39oa.wav,oa,9,Pink
1546,w39oo.wav,oo,10,Maroon
1547,w39uh.wav,uh,11,Olive
1548,w39uw.wav,uw,12,Grey
1549,w40ae.wav,ae,1,Blue
1550,w40ah.wav,ah,2,Green
1551,w40aw.wav,aw,3,Magenta
1552,w40eh.wav,eh,4,Black
1553,w40ei.wav,ei,5,Lime
1554,w40er.wav,er,6,Purple
1555,w40ih.wav,ih,7,Teal
1556,w40iy.wav,iy,8,Navy
1557,w40oa.wav,oa,9,Pink
1558,w40oo.wav,oo,10,Maroon
1559,w40uh.wav,uh,11,Olive
1560,w40uw.wav,uw,12,Grey
1561,w41ae.wav,ae,1,Blue
1562,w41ah.wav,ah,2,Green
1563,w41aw.wav,aw,3,Magenta
1564,w41eh.wav,eh,4,Black
1565,w41ei.wav,ei,5,Lime
1566,w41er.wav,er,6,Purple
1567,w41ih.wav,ih,7,Teal
1568,w41iy.wav,iy,8,Navy
1569,w41oa.wav,oa,9,Pink
1570,w41oo.wav,oo,10,Maroon
1571,w41uh.wav,uh,11,Olive
1572,w41uw.wav,uw,12,Grey
1573,w42ae.wav,ae,1,Blue
1574,w42ah.wav,ah,2,Green
1575,w42aw.wav,aw,3,Magenta
1576,w42eh.wav,eh,4,Black
1577,w42ei.wav,ei,5,Lime
1578,w42er.wav,er,6,Purple
1579,w42ih.wav,ih,7,Teal
1580,w42iy.wav,iy,8,Navy
1581,w42oa.wav,oa,9,Pink
1582,w42oo.wav,oo,10,Maroon
1583,w42uh.wav,uh,11,Olive
1584,w42uw.wav,uw,12,Grey
1585,w44ae.wav,ae,1,Blue
1586,w44ah.wav,ah,2,Green
1587,w44aw.wav,aw,3,Magenta
1588,w44eh.wav,eh,4,Black
1589,w44ei.wav,ei,5,Lime
1590,w44er.wav,er,6,Purple
1591,w44ih.wav,ih,7,Teal
1592,w44iy.wav,iy,8,Navy
1593,w44oa.wav,oa,9,Pink
1594,w44oo.wav,oo,10,Maroon
1595,w44uh.wav,uh,11,Olive
1596,w44uw.wav,uw,12,Grey
1597,w45ae.wav,ae,1,Blue
1598,w45ah.wav,ah,2,Green
1599,w45aw.wav,aw,3,Magenta
1600,w45eh.wav,eh,4,Black
1601,w45ei.wav,ei,5,Lime
1602,w45er.wav,er,6,Purple
1603,w45ih.wav,ih,7,Teal
1604,w45iy.wav,iy,8,Navy
1605,w45oa.wav,oa,9,Pink
1606,w45oo.wav,oo,10,Maroon
1607,w45uh.wav,uh,11,Olive
1608,w45uw.wav,uw,12,Grey
1609,w46ae.wav,ae,1,Blue
1610,w46ah.wav,ah,2,Green
1611,w46aw.wav,aw,3,Magenta
1612,w46eh.wav,eh,4,Black
1613,w46ei.wav,ei,5,Lime
1614,w46er.wav,er,6,Purple
1615,w46ih.wav,ih,7,Teal
1616,w46iy.wav,iy,8,Navy
1617,w46oa.wav,oa,9,Pink
1618,w46oo.wav,oo,10,Maroon
1619,w46uh.wav,uh,11,Olive
1620,w46uw.wav,uw,12,Grey
1621,w47ae.wav,ae,1,Blue
1622,w47ah.wav,ah,2,Green
1623,w47aw.wav,aw,3,Magenta
1624,w47eh.wav,eh,4,Black
1625,w47ei.wav,ei,5,Lime
1626,w47er.wav,er,6,Purple
1627,w47ih.wav,ih,7,Teal
1628,w47iy.wav,iy,8,Navy
1629,w47oa.wav,oa,9,Pink
1630,w47oo.wav,oo,10,Maroon
1631,w47uh.wav,uh,11,Olive
1632,w47uw.wav,uw,12,Grey
1633,w48ae.wav,ae,1,Blue
1634,w48ah.wav,ah,2,Green
1635,w48aw.wav,aw,3,Magenta
1636,w48eh.wav,eh,4,Black
1637,w48ei.wav,ei,5,Lime
1638,w48er.wav,er,6,Purple
1639,w48ih.wav,ih,7,Teal
1640,w48iy.wav,iy,8,Navy
1641,w48oa.wav,oa,9,Pink
1642,w48oo.wav,oo,10,Maroon
1643,w48uh.wav,uh,11,Olive
1644,w48uw.wav,uw,12,Grey
1645,w49ae.wav,ae,1,Blue
1646,w49ah.wav,ah,2,Green
1647,w49aw.wav,aw,3,Magenta
1648,w49eh.wav,eh,4,Black
1649,w49ei.wav,ei,5,Lime
1650,w49er.wav,er,6,Purple
1651,w49ih.wav,ih,7,Teal
1652,w49iy.wav,iy,8,Navy
1653,w49oa.wav,oa,9,Pink
1654,w49oo.wav,oo,10,Maroon
1655,w49uh.wav,uh,11,Olive
1656,w49uw.wav,uw,12,Grey
1657,w50ae.wav,ae,1,Blue
1658,w50ah.wav,ah,2,Green
1659,w50aw.wav,aw,3,Magenta
1660,w50eh.wav,eh,4,Black
1661,w50ei.wav,ei,5,Lime
1662,w50er.wav,er,6,Purple
1663,w50ih.wav,ih,7,Teal
1664,w50iy.wav,iy,8,Navy
1665,w50oa.wav,oa,9,Pink
1666,w50oo.wav,oo,10,Maroon
1667,w50uh.wav,uh,11,Olive
1668,w50uw.wav,uw,12,Grey
